sequence,row_index,id,relative_path,expected_status,label,repeat,order_in_repeat,result,time_s,exit_code,process_returncode,timed_out,error_kind,stdout,stderr,argv_json
0,0,305,QF_UF/2018-Goel-hwbench/QF_UF_frogs.2.prop1_ab_br_max.smt2,sat,baseline,0,0,sat,0.154597709,0,0,0,,"sat
",,"[""/tmp/euf-viper-pre-fxhash-semantic-atoms"",""fabric-solve"",""--engine"",""cadical-up"",""/Users/airbartek/codex/z3/benchmarks/smtlib-2025/QF_UF/QF_UF/2018-Goel-hwbench/QF_UF_frogs.2.prop1_ab_br_max.smt2""]"
1,0,305,QF_UF/2018-Goel-hwbench/QF_UF_frogs.2.prop1_ab_br_max.smt2,sat,candidate,0,1,sat,0.143298667,0,0,0,,"sat
",,"[""/tmp/euf-viper-fat-lto/release/euf-viper"",""fabric-solve"",""--engine"",""cadical-up"",""/Users/airbartek/codex/z3/benchmarks/smtlib-2025/QF_UF/QF_UF/2018-Goel-hwbench/QF_UF_frogs.2.prop1_ab_br_max.smt2""]"
2,0,305,QF_UF/2018-Goel-hwbench/QF_UF_frogs.2.prop1_ab_br_max.smt2,sat,candidate,1,0,sat,0.145102750,0,0,0,,"sat
",,"[""/tmp/euf-viper-fat-lto/release/euf-viper"",""fabric-solve"",""--engine"",""cadical-up"",""/Users/airbartek/codex/z3/benchmarks/smtlib-2025/QF_UF/QF_UF/2018-Goel-hwbench/QF_UF_frogs.2.prop1_ab_br_max.smt2""]"
3,0,305,QF_UF/2018-Goel-hwbench/QF_UF_frogs.2.prop1_ab_br_max.smt2,sat,baseline,1,1,sat,0.147817833,0,0,0,,"sat
",,"[""/tmp/euf-viper-pre-fxhash-semantic-atoms"",""fabric-solve"",""--engine"",""cadical-up"",""/Users/airbartek/codex/z3/benchmarks/smtlib-2025/QF_UF/QF_UF/2018-Goel-hwbench/QF_UF_frogs.2.prop1_ab_br_max.smt2""]"
4,0,305,QF_UF/2018-Goel-hwbench/QF_UF_frogs.2.prop1_ab_br_max.smt2,sat,baseline,2,0,sat,0.146926833,0,0,0,,"sat
",,"[""/tmp/euf-viper-pre-fxhash-semantic-atoms"",""fabric-solve"",""--engine"",""cadical-up"",""/Users/airbartek/codex/z3/benchmarks/smtlib-2025/QF_UF/QF_UF/2018-Goel-hwbench/QF_UF_frogs.2.prop1_ab_br_max.smt2""]"
5,0,305,QF_UF/2018-Goel-hwbench/QF_UF_frogs.2.prop1_ab_br_max.smt2,sat,candidate,2,1,sat,0.152846583,0,0,0,,"sat
",,"[""/tmp/euf-viper-fat-lto/release/euf-viper"",""fabric-solve"",""--engine"",""cadical-up"",""/Users/airbartek/codex/z3/benchmarks/smtlib-2025/QF_UF/QF_UF/2018-Goel-hwbench/QF_UF_frogs.2.prop1_ab_br_max.smt2""]"
6,0,305,QF_UF/2018-Goel-hwbench/QF_UF_frogs.2.prop1_ab_br_max.smt2,sat,candidate,3,0,sat,0.154059625,0,0,0,,"sat
",,"[""/tmp/euf-viper-fat-lto/release/euf-viper"",""fabric-solve"",""--engine"",""cadical-up"",""/Users/airbartek/codex/z3/benchmarks/smtlib-2025/QF_UF/QF_UF/2018-Goel-hwbench/QF_UF_frogs.2.prop1_ab_br_max.smt2""]"
7,0,305,QF_UF/2018-Goel-hwbench/QF_UF_frogs.2.prop1_ab_br_max.smt2,sat,baseline,3,1,sat,0.153952375,0,0,0,,"sat
",,"[""/tmp/euf-viper-pre-fxhash-semantic-atoms"",""fabric-solve"",""--engine"",""cadical-up"",""/Users/airbartek/codex/z3/benchmarks/smtlib-2025/QF_UF/QF_UF/2018-Goel-hwbench/QF_UF_frogs.2.prop1_ab_br_max.smt2""]"
8,0,305,QF_UF/2018-Goel-hwbench/QF_UF_frogs.2.prop1_ab_br_max.smt2,sat,baseline,4,0,sat,0.187035750,0,0,0,,"sat
",,"[""/tmp/euf-viper-pre-fxhash-semantic-atoms"",""fabric-solve"",""--engine"",""cadical-up"",""/Users/airbartek/codex/z3/benchmarks/smtlib-2025/QF_UF/QF_UF/2018-Goel-hwbench/QF_UF_frogs.2.prop1_ab_br_max.smt2""]"
9,0,305,QF_UF/2018-Goel-hwbench/QF_UF_frogs.2.prop1_ab_br_max.smt2,sat,candidate,4,1,sat,0.229200334,0,0,0,,"sat
",,"[""/tmp/euf-viper-fat-lto/release/euf-viper"",""fabric-solve"",""--engine"",""cadical-up"",""/Users/airbartek/codex/z3/benchmarks/smtlib-2025/QF_UF/QF_UF/2018-Goel-hwbench/QF_UF_frogs.2.prop1_ab_br_max.smt2""]"
10,0,305,QF_UF/2018-Goel-hwbench/QF_UF_frogs.2.prop1_ab_br_max.smt2,sat,candidate,5,0,sat,0.274748375,0,0,0,,"sat
",,"[""/tmp/euf-viper-fat-lto/release/euf-viper"",""fabric-solve"",""--engine"",""cadical-up"",""/Users/airbartek/codex/z3/benchmarks/smtlib-2025/QF_UF/QF_UF/2018-Goel-hwbench/QF_UF_frogs.2.prop1_ab_br_max.smt2""]"
11,0,305,QF_UF/2018-Goel-hwbench/QF_UF_frogs.2.prop1_ab_br_max.smt2,sat,baseline,5,1,sat,0.228131917,0,0,0,,"sat
",,"[""/tmp/euf-viper-pre-fxhash-semantic-atoms"",""fabric-solve"",""--engine"",""cadical-up"",""/Users/airbartek/codex/z3/benchmarks/smtlib-2025/QF_UF/QF_UF/2018-Goel-hwbench/QF_UF_frogs.2.prop1_ab_br_max.smt2""]"
12,0,305,QF_UF/2018-Goel-hwbench/QF_UF_frogs.2.prop1_ab_br_max.smt2,sat,baseline,6,0,sat,0.232855750,0,0,0,,"sat
",,"[""/tmp/euf-viper-pre-fxhash-semantic-atoms"",""fabric-solve"",""--engine"",""cadical-up"",""/Users/airbartek/codex/z3/benchmarks/smtlib-2025/QF_UF/QF_UF/2018-Goel-hwbench/QF_UF_frogs.2.prop1_ab_br_max.smt2""]"
13,0,305,QF_UF/2018-Goel-hwbench/QF_UF_frogs.2.prop1_ab_br_max.smt2,sat,candidate,6,1,sat,0.236483417,0,0,0,,"sat
",,"[""/tmp/euf-viper-fat-lto/release/euf-viper"",""fabric-solve"",""--engine"",""cadical-up"",""/Users/airbartek/codex/z3/benchmarks/smtlib-2025/QF_UF/QF_UF/2018-Goel-hwbench/QF_UF_frogs.2.prop1_ab_br_max.smt2""]"
14,0,305,QF_UF/2018-Goel-hwbench/QF_UF_frogs.2.prop1_ab_br_max.smt2,sat,candidate,7,0,sat,0.225807750,0,0,0,,"sat
",,"[""/tmp/euf-viper-fat-lto/release/euf-viper"",""fabric-solve"",""--engine"",""cadical-up"",""/Users/airbartek/codex/z3/benchmarks/smtlib-2025/QF_UF/QF_UF/2018-Goel-hwbench/QF_UF_frogs.2.prop1_ab_br_max.smt2""]"
15,0,305,QF_UF/2018-Goel-hwbench/QF_UF_frogs.2.prop1_ab_br_max.smt2,sat,baseline,7,1,sat,0.212644917,0,0,0,,"sat
",,"[""/tmp/euf-viper-pre-fxhash-semantic-atoms"",""fabric-solve"",""--engine"",""cadical-up"",""/Users/airbartek/codex/z3/benchmarks/smtlib-2025/QF_UF/QF_UF/2018-Goel-hwbench/QF_UF_frogs.2.prop1_ab_br_max.smt2""]"
16,0,305,QF_UF/2018-Goel-hwbench/QF_UF_frogs.2.prop1_ab_br_max.smt2,sat,baseline,8,0,sat,0.207387167,0,0,0,,"sat
",,"[""/tmp/euf-viper-pre-fxhash-semantic-atoms"",""fabric-solve"",""--engine"",""cadical-up"",""/Users/airbartek/codex/z3/benchmarks/smtlib-2025/QF_UF/QF_UF/2018-Goel-hwbench/QF_UF_frogs.2.prop1_ab_br_max.smt2""]"
17,0,305,QF_UF/2018-Goel-hwbench/QF_UF_frogs.2.prop1_ab_br_max.smt2,sat,candidate,8,1,sat,0.207983333,0,0,0,,"sat
",,"[""/tmp/euf-viper-fat-lto/release/euf-viper"",""fabric-solve"",""--engine"",""cadical-up"",""/Users/airbartek/codex/z3/benchmarks/smtlib-2025/QF_UF/QF_UF/2018-Goel-hwbench/QF_UF_frogs.2.prop1_ab_br_max.smt2""]"
18,0,305,QF_UF/2018-Goel-hwbench/QF_UF_frogs.2.prop1_ab_br_max.smt2,sat,candidate,9,0,sat,0.204631708,0,0,0,,"sat
",,"[""/tmp/euf-viper-fat-lto/release/euf-viper"",""fabric-solve"",""--engine"",""cadical-up"",""/Users/airbartek/codex/z3/benchmarks/smtlib-2025/QF_UF/QF_UF/2018-Goel-hwbench/QF_UF_frogs.2.prop1_ab_br_max.smt2""]"
19,0,305,QF_UF/2018-Goel-hwbench/QF_UF_frogs.2.prop1_ab_br_max.smt2,sat,baseline,9,1,sat,0.202985125,0,0,0,,"sat
",,"[""/tmp/euf-viper-pre-fxhash-semantic-atoms"",""fabric-solve"",""--engine"",""cadical-up"",""/Users/airbartek/codex/z3/benchmarks/smtlib-2025/QF_UF/QF_UF/2018-Goel-hwbench/QF_UF_frogs.2.prop1_ab_br_max.smt2""]"
20,0,305,QF_UF/2018-Goel-hwbench/QF_UF_frogs.2.prop1_ab_br_max.smt2,sat,baseline,10,0,sat,0.192342667,0,0,0,,"sat
",,"[""/tmp/euf-viper-pre-fxhash-semantic-atoms"",""fabric-solve"",""--engine"",""cadical-up"",""/Users/airbartek/codex/z3/benchmarks/smtlib-2025/QF_UF/QF_UF/2018-Goel-hwbench/QF_UF_frogs.2.prop1_ab_br_max.smt2""]"
21,0,305,QF_UF/2018-Goel-hwbench/QF_UF_frogs.2.prop1_ab_br_max.smt2,sat,candidate,10,1,sat,0.180335875,0,0,0,,"sat
",,"[""/tmp/euf-viper-fat-lto/release/euf-viper"",""fabric-solve"",""--engine"",""cadical-up"",""/Users/airbartek/codex/z3/benchmarks/smtlib-2025/QF_UF/QF_UF/2018-Goel-hwbench/QF_UF_frogs.2.prop1_ab_br_max.smt2""]"
22,0,305,QF_UF/2018-Goel-hwbench/QF_UF_frogs.2.prop1_ab_br_max.smt2,sat,candidate,11,0,sat,0.166881250,0,0,0,,"sat
",,"[""/tmp/euf-viper-fat-lto/release/euf-viper"",""fabric-solve"",""--engine"",""cadical-up"",""/Users/airbartek/codex/z3/benchmarks/smtlib-2025/QF_UF/QF_UF/2018-Goel-hwbench/QF_UF_frogs.2.prop1_ab_br_max.smt2""]"
23,0,305,QF_UF/2018-Goel-hwbench/QF_UF_frogs.2.prop1_ab_br_max.smt2,sat,baseline,11,1,sat,0.161540041,0,0,0,,"sat
",,"[""/tmp/euf-viper-pre-fxhash-semantic-atoms"",""fabric-solve"",""--engine"",""cadical-up"",""/Users/airbartek/codex/z3/benchmarks/smtlib-2025/QF_UF/QF_UF/2018-Goel-hwbench/QF_UF_frogs.2.prop1_ab_br_max.smt2""]"
24,0,305,QF_UF/2018-Goel-hwbench/QF_UF_frogs.2.prop1_ab_br_max.smt2,sat,baseline,12,0,sat,0.169720333,0,0,0,,"sat
",,"[""/tmp/euf-viper-pre-fxhash-semantic-atoms"",""fabric-solve"",""--engine"",""cadical-up"",""/Users/airbartek/codex/z3/benchmarks/smtlib-2025/QF_UF/QF_UF/2018-Goel-hwbench/QF_UF_frogs.2.prop1_ab_br_max.smt2""]"
25,0,305,QF_UF/2018-Goel-hwbench/QF_UF_frogs.2.prop1_ab_br_max.smt2,sat,candidate,12,1,sat,0.172897125,0,0,0,,"sat
",,"[""/tmp/euf-viper-fat-lto/release/euf-viper"",""fabric-solve"",""--engine"",""cadical-up"",""/Users/airbartek/codex/z3/benchmarks/smtlib-2025/QF_UF/QF_UF/2018-Goel-hwbench/QF_UF_frogs.2.prop1_ab_br_max.smt2""]"
26,0,305,QF_UF/2018-Goel-hwbench/QF_UF_frogs.2.prop1_ab_br_max.smt2,sat,candidate,13,0,sat,0.174283584,0,0,0,,"sat
",,"[""/tmp/euf-viper-fat-lto/release/euf-viper"",""fabric-solve"",""--engine"",""cadical-up"",""/Users/airbartek/codex/z3/benchmarks/smtlib-2025/QF_UF/QF_UF/2018-Goel-hwbench/QF_UF_frogs.2.prop1_ab_br_max.smt2""]"
27,0,305,QF_UF/2018-Goel-hwbench/QF_UF_frogs.2.prop1_ab_br_max.smt2,sat,baseline,13,1,sat,0.174568959,0,0,0,,"sat
",,"[""/tmp/euf-viper-pre-fxhash-semantic-atoms"",""fabric-solve"",""--engine"",""cadical-up"",""/Users/airbartek/codex/z3/benchmarks/smtlib-2025/QF_UF/QF_UF/2018-Goel-hwbench/QF_UF_frogs.2.prop1_ab_br_max.smt2""]"
28,0,305,QF_UF/2018-Goel-hwbench/QF_UF_frogs.2.prop1_ab_br_max.smt2,sat,baseline,14,0,sat,0.182215208,0,0,0,,"sat
",,"[""/tmp/euf-viper-pre-fxhash-semantic-atoms"",""fabric-solve"",""--engine"",""cadical-up"",""/Users/airbartek/codex/z3/benchmarks/smtlib-2025/QF_UF/QF_UF/2018-Goel-hwbench/QF_UF_frogs.2.prop1_ab_br_max.smt2""]"
29,0,305,QF_UF/2018-Goel-hwbench/QF_UF_frogs.2.prop1_ab_br_max.smt2,sat,candidate,14,1,sat,0.177040375,0,0,0,,"sat
",,"[""/tmp/euf-viper-fat-lto/release/euf-viper"",""fabric-solve"",""--engine"",""cadical-up"",""/Users/airbartek/codex/z3/benchmarks/smtlib-2025/QF_UF/QF_UF/2018-Goel-hwbench/QF_UF_frogs.2.prop1_ab_br_max.smt2""]"
30,0,305,QF_UF/2018-Goel-hwbench/QF_UF_frogs.2.prop1_ab_br_max.smt2,sat,candidate,15,0,sat,0.175098417,0,0,0,,"sat
",,"[""/tmp/euf-viper-fat-lto/release/euf-viper"",""fabric-solve"",""--engine"",""cadical-up"",""/Users/airbartek/codex/z3/benchmarks/smtlib-2025/QF_UF/QF_UF/2018-Goel-hwbench/QF_UF_frogs.2.prop1_ab_br_max.smt2""]"
31,0,305,QF_UF/2018-Goel-hwbench/QF_UF_frogs.2.prop1_ab_br_max.smt2,sat,baseline,15,1,sat,0.173695625,0,0,0,,"sat
",,"[""/tmp/euf-viper-pre-fxhash-semantic-atoms"",""fabric-solve"",""--engine"",""cadical-up"",""/Users/airbartek/codex/z3/benchmarks/smtlib-2025/QF_UF/QF_UF/2018-Goel-hwbench/QF_UF_frogs.2.prop1_ab_br_max.smt2""]"
32,0,305,QF_UF/2018-Goel-hwbench/QF_UF_frogs.2.prop1_ab_br_max.smt2,sat,baseline,16,0,sat,0.172989500,0,0,0,,"sat
",,"[""/tmp/euf-viper-pre-fxhash-semantic-atoms"",""fabric-solve"",""--engine"",""cadical-up"",""/Users/airbartek/codex/z3/benchmarks/smtlib-2025/QF_UF/QF_UF/2018-Goel-hwbench/QF_UF_frogs.2.prop1_ab_br_max.smt2""]"
33,0,305,QF_UF/2018-Goel-hwbench/QF_UF_frogs.2.prop1_ab_br_max.smt2,sat,candidate,16,1,sat,0.173628500,0,0,0,,"sat
",,"[""/tmp/euf-viper-fat-lto/release/euf-viper"",""fabric-solve"",""--engine"",""cadical-up"",""/Users/airbartek/codex/z3/benchmarks/smtlib-2025/QF_UF/QF_UF/2018-Goel-hwbench/QF_UF_frogs.2.prop1_ab_br_max.smt2""]"
34,0,305,QF_UF/2018-Goel-hwbench/QF_UF_frogs.2.prop1_ab_br_max.smt2,sat,candidate,17,0,sat,0.173969750,0,0,0,,"sat
",,"[""/tmp/euf-viper-fat-lto/release/euf-viper"",""fabric-solve"",""--engine"",""cadical-up"",""/Users/airbartek/codex/z3/benchmarks/smtlib-2025/QF_UF/QF_UF/2018-Goel-hwbench/QF_UF_frogs.2.prop1_ab_br_max.smt2""]"
35,0,305,QF_UF/2018-Goel-hwbench/QF_UF_frogs.2.prop1_ab_br_max.smt2,sat,baseline,17,1,sat,0.171556125,0,0,0,,"sat
",,"[""/tmp/euf-viper-pre-fxhash-semantic-atoms"",""fabric-solve"",""--engine"",""cadical-up"",""/Users/airbartek/codex/z3/benchmarks/smtlib-2025/QF_UF/QF_UF/2018-Goel-hwbench/QF_UF_frogs.2.prop1_ab_br_max.smt2""]"
36,0,305,QF_UF/2018-Goel-hwbench/QF_UF_frogs.2.prop1_ab_br_max.smt2,sat,baseline,18,0,sat,0.167952500,0,0,0,,"sat
",,"[""/tmp/euf-viper-pre-fxhash-semantic-atoms"",""fabric-solve"",""--engine"",""cadical-up"",""/Users/airbartek/codex/z3/benchmarks/smtlib-2025/QF_UF/QF_UF/2018-Goel-hwbench/QF_UF_frogs.2.prop1_ab_br_max.smt2""]"
37,0,305,QF_UF/2018-Goel-hwbench/QF_UF_frogs.2.prop1_ab_br_max.smt2,sat,candidate,18,1,sat,0.171597208,0,0,0,,"sat
",,"[""/tmp/euf-viper-fat-lto/release/euf-viper"",""fabric-solve"",""--engine"",""cadical-up"",""/Users/airbartek/codex/z3/benchmarks/smtlib-2025/QF_UF/QF_UF/2018-Goel-hwbench/QF_UF_frogs.2.prop1_ab_br_max.smt2""]"
38,0,305,QF_UF/2018-Goel-hwbench/QF_UF_frogs.2.prop1_ab_br_max.smt2,sat,candidate,19,0,sat,0.165386583,0,0,0,,"sat
",,"[""/tmp/euf-viper-fat-lto/release/euf-viper"",""fabric-solve"",""--engine"",""cadical-up"",""/Users/airbartek/codex/z3/benchmarks/smtlib-2025/QF_UF/QF_UF/2018-Goel-hwbench/QF_UF_frogs.2.prop1_ab_br_max.smt2""]"
39,0,305,QF_UF/2018-Goel-hwbench/QF_UF_frogs.2.prop1_ab_br_max.smt2,sat,baseline,19,1,sat,0.172595459,0,0,0,,"sat
",,"[""/tmp/euf-viper-pre-fxhash-semantic-atoms"",""fabric-solve"",""--engine"",""cadical-up"",""/Users/airbartek/codex/z3/benchmarks/smtlib-2025/QF_UF/QF_UF/2018-Goel-hwbench/QF_UF_frogs.2.prop1_ab_br_max.smt2""]"
40,0,305,QF_UF/2018-Goel-hwbench/QF_UF_frogs.2.prop1_ab_br_max.smt2,sat,baseline,20,0,sat,0.167606083,0,0,0,,"sat
",,"[""/tmp/euf-viper-pre-fxhash-semantic-atoms"",""fabric-solve"",""--engine"",""cadical-up"",""/Users/airbartek/codex/z3/benchmarks/smtlib-2025/QF_UF/QF_UF/2018-Goel-hwbench/QF_UF_frogs.2.prop1_ab_br_max.smt2""]"
41,0,305,QF_UF/2018-Goel-hwbench/QF_UF_frogs.2.prop1_ab_br_max.smt2,sat,candidate,20,1,sat,0.161967792,0,0,0,,"sat
",,"[""/tmp/euf-viper-fat-lto/release/euf-viper"",""fabric-solve"",""--engine"",""cadical-up"",""/Users/airbartek/codex/z3/benchmarks/smtlib-2025/QF_UF/QF_UF/2018-Goel-hwbench/QF_UF_frogs.2.prop1_ab_br_max.smt2""]"
42,0,305,QF_UF/2018-Goel-hwbench/QF_UF_frogs.2.prop1_ab_br_max.smt2,sat,candidate,21,0,sat,0.155280250,0,0,0,,"sat
",,"[""/tmp/euf-viper-fat-lto/release/euf-viper"",""fabric-solve"",""--engine"",""cadical-up"",""/Users/airbartek/codex/z3/benchmarks/smtlib-2025/QF_UF/QF_UF/2018-Goel-hwbench/QF_UF_frogs.2.prop1_ab_br_max.smt2""]"
43,0,305,QF_UF/2018-Goel-hwbench/QF_UF_frogs.2.prop1_ab_br_max.smt2,sat,baseline,21,1,sat,0.151901333,0,0,0,,"sat
",,"[""/tmp/euf-viper-pre-fxhash-semantic-atoms"",""fabric-solve"",""--engine"",""cadical-up"",""/Users/airbartek/codex/z3/benchmarks/smtlib-2025/QF_UF/QF_UF/2018-Goel-hwbench/QF_UF_frogs.2.prop1_ab_br_max.smt2""]"
44,0,305,QF_UF/2018-Goel-hwbench/QF_UF_frogs.2.prop1_ab_br_max.smt2,sat,baseline,22,0,sat,0.175863375,0,0,0,,"sat
",,"[""/tmp/euf-viper-pre-fxhash-semantic-atoms"",""fabric-solve"",""--engine"",""cadical-up"",""/Users/airbartek/codex/z3/benchmarks/smtlib-2025/QF_UF/QF_UF/2018-Goel-hwbench/QF_UF_frogs.2.prop1_ab_br_max.smt2""]"
45,0,305,QF_UF/2018-Goel-hwbench/QF_UF_frogs.2.prop1_ab_br_max.smt2,sat,candidate,22,1,sat,0.178144250,0,0,0,,"sat
",,"[""/tmp/euf-viper-fat-lto/release/euf-viper"",""fabric-solve"",""--engine"",""cadical-up"",""/Users/airbartek/codex/z3/benchmarks/smtlib-2025/QF_UF/QF_UF/2018-Goel-hwbench/QF_UF_frogs.2.prop1_ab_br_max.smt2""]"
46,0,305,QF_UF/2018-Goel-hwbench/QF_UF_frogs.2.prop1_ab_br_max.smt2,sat,candidate,23,0,sat,0.177237500,0,0,0,,"sat
",,"[""/tmp/euf-viper-fat-lto/release/euf-viper"",""fabric-solve"",""--engine"",""cadical-up"",""/Users/airbartek/codex/z3/benchmarks/smtlib-2025/QF_UF/QF_UF/2018-Goel-hwbench/QF_UF_frogs.2.prop1_ab_br_max.smt2""]"
47,0,305,QF_UF/2018-Goel-hwbench/QF_UF_frogs.2.prop1_ab_br_max.smt2,sat,baseline,23,1,sat,0.175052625,0,0,0,,"sat
",,"[""/tmp/euf-viper-pre-fxhash-semantic-atoms"",""fabric-solve"",""--engine"",""cadical-up"",""/Users/airbartek/codex/z3/benchmarks/smtlib-2025/QF_UF/QF_UF/2018-Goel-hwbench/QF_UF_frogs.2.prop1_ab_br_max.smt2""]"
48,0,305,QF_UF/2018-Goel-hwbench/QF_UF_frogs.2.prop1_ab_br_max.smt2,sat,baseline,24,0,sat,0.177346208,0,0,0,,"sat
",,"[""/tmp/euf-viper-pre-fxhash-semantic-atoms"",""fabric-solve"",""--engine"",""cadical-up"",""/Users/airbartek/codex/z3/benchmarks/smtlib-2025/QF_UF/QF_UF/2018-Goel-hwbench/QF_UF_frogs.2.prop1_ab_br_max.smt2""]"
49,0,305,QF_UF/2018-Goel-hwbench/QF_UF_frogs.2.prop1_ab_br_max.smt2,sat,candidate,24,1,sat,0.182972292,0,0,0,,"sat
",,"[""/tmp/euf-viper-fat-lto/release/euf-viper"",""fabric-solve"",""--engine"",""cadical-up"",""/Users/airbartek/codex/z3/benchmarks/smtlib-2025/QF_UF/QF_UF/2018-Goel-hwbench/QF_UF_frogs.2.prop1_ab_br_max.smt2""]"
50,0,305,QF_UF/2018-Goel-hwbench/QF_UF_frogs.2.prop1_ab_br_max.smt2,sat,candidate,25,0,sat,0.195421417,0,0,0,,"sat
",,"[""/tmp/euf-viper-fat-lto/release/euf-viper"",""fabric-solve"",""--engine"",""cadical-up"",""/Users/airbartek/codex/z3/benchmarks/smtlib-2025/QF_UF/QF_UF/2018-Goel-hwbench/QF_UF_frogs.2.prop1_ab_br_max.smt2""]"
51,0,305,QF_UF/2018-Goel-hwbench/QF_UF_frogs.2.prop1_ab_br_max.smt2,sat,baseline,25,1,sat,0.189695792,0,0,0,,"sat
",,"[""/tmp/euf-viper-pre-fxhash-semantic-atoms"",""fabric-solve"",""--engine"",""cadical-up"",""/Users/airbartek/codex/z3/benchmarks/smtlib-2025/QF_UF/QF_UF/2018-Goel-hwbench/QF_UF_frogs.2.prop1_ab_br_max.smt2""]"
52,0,305,QF_UF/2018-Goel-hwbench/QF_UF_frogs.2.prop1_ab_br_max.smt2,sat,baseline,26,0,sat,0.187528750,0,0,0,,"sat
",,"[""/tmp/euf-viper-pre-fxhash-semantic-atoms"",""fabric-solve"",""--engine"",""cadical-up"",""/Users/airbartek/codex/z3/benchmarks/smtlib-2025/QF_UF/QF_UF/2018-Goel-hwbench/QF_UF_frogs.2.prop1_ab_br_max.smt2""]"
53,0,305,QF_UF/2018-Goel-hwbench/QF_UF_frogs.2.prop1_ab_br_max.smt2,sat,candidate,26,1,sat,0.183490084,0,0,0,,"sat
",,"[""/tmp/euf-viper-fat-lto/release/euf-viper"",""fabric-solve"",""--engine"",""cadical-up"",""/Users/airbartek/codex/z3/benchmarks/smtlib-2025/QF_UF/QF_UF/2018-Goel-hwbench/QF_UF_frogs.2.prop1_ab_br_max.smt2""]"
54,0,305,QF_UF/2018-Goel-hwbench/QF_UF_frogs.2.prop1_ab_br_max.smt2,sat,candidate,27,0,sat,0.185522416,0,0,0,,"sat
",,"[""/tmp/euf-viper-fat-lto/release/euf-viper"",""fabric-solve"",""--engine"",""cadical-up"",""/Users/airbartek/codex/z3/benchmarks/smtlib-2025/QF_UF/QF_UF/2018-Goel-hwbench/QF_UF_frogs.2.prop1_ab_br_max.smt2""]"
55,0,305,QF_UF/2018-Goel-hwbench/QF_UF_frogs.2.prop1_ab_br_max.smt2,sat,baseline,27,1,sat,0.177477667,0,0,0,,"sat
",,"[""/tmp/euf-viper-pre-fxhash-semantic-atoms"",""fabric-solve"",""--engine"",""cadical-up"",""/Users/airbartek/codex/z3/benchmarks/smtlib-2025/QF_UF/QF_UF/2018-Goel-hwbench/QF_UF_frogs.2.prop1_ab_br_max.smt2""]"
56,0,305,QF_UF/2018-Goel-hwbench/QF_UF_frogs.2.prop1_ab_br_max.smt2,sat,baseline,28,0,sat,0.173053416,0,0,0,,"sat
",,"[""/tmp/euf-viper-pre-fxhash-semantic-atoms"",""fabric-solve"",""--engine"",""cadical-up"",""/Users/airbartek/codex/z3/benchmarks/smtlib-2025/QF_UF/QF_UF/2018-Goel-hwbench/QF_UF_frogs.2.prop1_ab_br_max.smt2""]"
57,0,305,QF_UF/2018-Goel-hwbench/QF_UF_frogs.2.prop1_ab_br_max.smt2,sat,candidate,28,1,sat,0.174263333,0,0,0,,"sat
",,"[""/tmp/euf-viper-fat-lto/release/euf-viper"",""fabric-solve"",""--engine"",""cadical-up"",""/Users/airbartek/codex/z3/benchmarks/smtlib-2025/QF_UF/QF_UF/2018-Goel-hwbench/QF_UF_frogs.2.prop1_ab_br_max.smt2""]"
58,0,305,QF_UF/2018-Goel-hwbench/QF_UF_frogs.2.prop1_ab_br_max.smt2,sat,candidate,29,0,sat,0.175020459,0,0,0,,"sat
",,"[""/tmp/euf-viper-fat-lto/release/euf-viper"",""fabric-solve"",""--engine"",""cadical-up"",""/Users/airbartek/codex/z3/benchmarks/smtlib-2025/QF_UF/QF_UF/2018-Goel-hwbench/QF_UF_frogs.2.prop1_ab_br_max.smt2""]"
59,0,305,QF_UF/2018-Goel-hwbench/QF_UF_frogs.2.prop1_ab_br_max.smt2,sat,baseline,29,1,sat,0.174631834,0,0,0,,"sat
",,"[""/tmp/euf-viper-pre-fxhash-semantic-atoms"",""fabric-solve"",""--engine"",""cadical-up"",""/Users/airbartek/codex/z3/benchmarks/smtlib-2025/QF_UF/QF_UF/2018-Goel-hwbench/QF_UF_frogs.2.prop1_ab_br_max.smt2""]"
60,0,305,QF_UF/2018-Goel-hwbench/QF_UF_frogs.2.prop1_ab_br_max.smt2,sat,baseline,30,0,sat,0.167953917,0,0,0,,"sat
",,"[""/tmp/euf-viper-pre-fxhash-semantic-atoms"",""fabric-solve"",""--engine"",""cadical-up"",""/Users/airbartek/codex/z3/benchmarks/smtlib-2025/QF_UF/QF_UF/2018-Goel-hwbench/QF_UF_frogs.2.prop1_ab_br_max.smt2""]"
61,0,305,QF_UF/2018-Goel-hwbench/QF_UF_frogs.2.prop1_ab_br_max.smt2,sat,candidate,30,1,sat,0.160700083,0,0,0,,"sat
",,"[""/tmp/euf-viper-fat-lto/release/euf-viper"",""fabric-solve"",""--engine"",""cadical-up"",""/Users/airbartek/codex/z3/benchmarks/smtlib-2025/QF_UF/QF_UF/2018-Goel-hwbench/QF_UF_frogs.2.prop1_ab_br_max.smt2""]"
62,0,305,QF_UF/2018-Goel-hwbench/QF_UF_frogs.2.prop1_ab_br_max.smt2,sat,candidate,31,0,sat,0.152983042,0,0,0,,"sat
",,"[""/tmp/euf-viper-fat-lto/release/euf-viper"",""fabric-solve"",""--engine"",""cadical-up"",""/Users/airbartek/codex/z3/benchmarks/smtlib-2025/QF_UF/QF_UF/2018-Goel-hwbench/QF_UF_frogs.2.prop1_ab_br_max.smt2""]"
63,0,305,QF_UF/2018-Goel-hwbench/QF_UF_frogs.2.prop1_ab_br_max.smt2,sat,baseline,31,1,sat,0.150697792,0,0,0,,"sat
",,"[""/tmp/euf-viper-pre-fxhash-semantic-atoms"",""fabric-solve"",""--engine"",""cadical-up"",""/Users/airbartek/codex/z3/benchmarks/smtlib-2025/QF_UF/QF_UF/2018-Goel-hwbench/QF_UF_frogs.2.prop1_ab_br_max.smt2""]"
